Label,# Samples,Average,Median,90% Line,95% Line,99% Line,Min,Max,Error %,Throughput,Received KB/sec,Sent KB/sec
batch,150,1452,1204,2621,3229,3650,400,3692,0.000%,31.67899,7.64,5.01
TOTAL,150,1452,1204,2621,3229,3650,400,3692,0.000%,31.67899,7.64,5.01
